GROUP,PACKAGE,CLASS,INSTRUCTION_MISSED,INSTRUCTION_COVERED,BRANCH_MISSED,BRANCH_COVERED,LINE_MISSED,LINE_COVERED,COMPLEXITY_MISSED,COMPLEXITY_COVERED,METHOD_MISSED,METHOD_COVERED
PokéManager API,com.pokemanager.pokeapi.infrastructure.pokeapi,PokeApiDto.TypeRef,9,0,0,0,1,0,1,0,1,0
PokéManager API,com.pokemanager.pokeapi.infrastructure.pokeapi,PokeApiDto.EvolutionChainResponse,6,0,0,0,1,0,1,0,1,0
PokéManager API,com.pokemanager.pokeapi.infrastructure.pokeapi,PokeApiDto.AbilityRef,9,0,0,0,1,0,1,0,1,0
PokéManager API,com.pokemanager.pokeapi.infrastructure.pokeapi,PokeApiDto.OfficialArtwork,6,0,0,0,1,0,1,0,1,0
PokéManager API,com.pokemanager.pokeapi.infrastructure.pokeapi,PokeApiDto.MoveRef,9,0,0,0,1,0,1,0,1,0
PokéManager API,com.pokemanager.pokeapi.infrastructure.pokeapi,PokeApiDto.NamedApiResource,35,0,2,0,8,0,3,0,2,0
PokéManager API,com.pokemanager.pokeapi.infrastructure.pokeapi,PokeApiDto.Sprites,9,0,0,0,1,0,1,0,1,0
PokéManager API,com.pokemanager.pokeapi.infrastructure.pokeapi,PokeApiDto.PokemonDetailResponse,24,0,0,0,1,0,1,0,1,0
PokéManager API,com.pokemanager.pokeapi.infrastructure.pokeapi,PokeApiDto.StatRef,9,0,0,0,1,0,1,0,1,0
PokéManager API,com.pokemanager.pokeapi.infrastructure.pokeapi,PokeApiDto,36,0,6,0,6,0,8,0,5,0
PokéManager API,com.pokemanager.pokeapi.infrastructure.pokeapi,PokeApiDto.EvoSpecies,9,0,0,0,1,0,1,0,1,0
PokéManager API,com.pokemanager.pokeapi.infrastructure.pokeapi,PokeApiHttpGateway,80,10,2,0,21,4,5,2,4,2
PokéManager API,com.pokemanager.pokeapi.infrastructure.pokeapi,PokeApiDto.FlavorTextEntry,9,0,0,0,1,0,1,0,1,0
PokéManager API,com.pokemanager.pokeapi.infrastructure.pokeapi,PokeApiDto.MoveEntry,6,0,0,0,1,0,1,0,1,0
PokéManager API,com.pokemanager.pokeapi.infrastructure.pokeapi,PokeApiDto.AbilityEntry,9,0,0,0,1,0,1,0,1,0
PokéManager API,com.pokemanager.pokeapi.infrastructure.pokeapi,PokeApiDto.ChainNode,9,0,0,0,1,0,1,0,1,0
PokéManager API,com.pokemanager.pokeapi.infrastructure.pokeapi,PokeApiDto.TypeEntry,9,0,0,0,1,0,1,0,1,0
PokéManager API,com.pokemanager.pokeapi.infrastructure.pokeapi,PokeApiDto.PokemonListResponse,15,0,0,0,1,0,1,0,1,0
PokéManager API,com.pokemanager.pokeapi.infrastructure.pokeapi,PokeApiClientAdapter,458,0,64,0,104,0,52,0,20,0
PokéManager API,com.pokemanager.pokeapi.infrastructure.pokeapi,PokeApiDto.SpeciesResponse,9,0,0,0,1,0,1,0,1,0
PokéManager API,com.pokemanager.pokeapi.infrastructure.pokeapi,PokeApiDto.EvolutionChainRef,6,0,0,0,1,0,1,0,1,0
PokéManager API,com.pokemanager.pokeapi.infrastructure.pokeapi,PokeApiDto.PokemonFullResponse,27,0,0,0,1,0,1,0,1,0
PokéManager API,com.pokemanager.pokeapi.infrastructure.pokeapi,PokeApiDto.StatEntry,9,0,0,0,1,0,1,0,1,0
PokéManager API,com.pokemanager.pokeapi.infrastructure.pokeapi,PokeApiHttpGateway.UpstreamStatusException,6,0,0,0,3,0,1,0,1,0
PokéManager API,com.pokemanager.pokeapi,PokeApiApplication,5,3,0,0,2,1,1,1,1,1
PokéManager API,com.pokemanager.pokeapi.infrastructure.persistence.entity,UserEntity,24,21,0,0,6,8,6,7,6,7
PokéManager API,com.pokemanager.pokeapi.infrastructure.persistence.entity,LocalPokemonEntity,59,0,0,0,18,0,17,0,17,0
PokéManager API,com.pokemanager.pokeapi.presentation.controller,AuthController,67,49,6,0,9,11,7,3,4,3
PokéManager API,com.pokemanager.pokeapi.presentation.controller,PublicPokemonController,6,16,0,0,1,5,1,2,1,2
PokéManager API,com.pokemanager.pokeapi.presentation.controller,GlobalExceptionHandler,78,73,2,0,15,15,9,7,8,7
PokéManager API,com.pokemanager.pokeapi.presentation.controller,ProtectedPokemonController,57,12,0,0,14,5,5,1,5,1
PokéManager API,com.pokemanager.pokeapi.infrastructure.config,CacheConfig,0,21,0,0,0,7,0,2,0,2
PokéManager API,com.pokemanager.pokeapi.infrastructure.config,OpenApiConfig,0,32,0,0,0,10,0,2,0,2
PokéManager API,com.pokemanager.pokeapi.infrastructure.config,RestClientConfig,0,24,0,0,0,8,0,2,0,2
PokéManager API,com.pokemanager.pokeapi.application.service,PokemonUpdateService,2,98,3,11,0,21,3,11,0,7
PokéManager API,com.pokemanager.pokeapi.application.service,PokemonEnumerationService,0,46,0,2,0,12,0,5,0,4
PokéManager API,com.pokemanager.pokeapi.application.service,AuthService,0,79,0,4,0,15,0,7,0,5
PokéManager API,com.pokemanager.pokeapi.application.service,PokemonSyncService,0,55,0,2,0,13,0,4,0,3
PokéManager API,com.pokemanager.pokeapi.application.service,PokemonDetailService,0,45,1,3,0,9,1,3,0,2
PokéManager API,com.pokemanager.pokeapi.infrastructure.persistence,UserRepositoryAdapter,55,38,2,0,11,7,5,4,4,4
PokéManager API,com.pokemanager.pokeapi.infrastructure.persistence,LocalPokemonRepositoryAdapter,129,14,6,0,26,5,11,2,8,2
PokéManager API,com.pokemanager.pokeapi.infrastructure.persistence,LocalPokemonRepositoryAdapter.new TypeReference() {...},6,0,0,0,1,0,1,0,1,0
PokéManager API,com.pokemanager.pokeapi.infrastructure.security,JwtAuthenticationFilter,2,77,3,5,0,17,3,5,0,4
PokéManager API,com.pokemanager.pokeapi.infrastructure.security,SecurityConfig,22,173,6,0,5,32,4,10,1,10
PokéManager API,com.pokemanager.pokeapi.infrastructure.security,JwtTokenService,5,64,1,1,1,24,1,4,0,4
PokéManager API,com.pokemanager.pokeapi.domain.model,PokemonSummary,2,26,1,1,0,3,1,1,0,1
PokéManager API,com.pokemanager.pokeapi.domain.model,LocalPokemon,7,96,2,4,1,29,3,11,1,10
PokéManager API,com.pokemanager.pokeapi.domain.model,Statistics,0,21,0,0,0,1,0,1,0,1
PokéManager API,com.pokemanager.pokeapi.domain.model,PageResult,18,31,1,1,1,4,2,2,1,2
PokéManager API,com.pokemanager.pokeapi.domain.model,EvolutionStage,0,12,0,0,0,1,0,1,0,1
PokéManager API,com.pokemanager.pokeapi.domain.model,User,2,41,1,1,0,14,1,7,0,7
PokéManager API,com.pokemanager.pokeapi.domain.model,PokemonDetail,2,29,1,1,0,3,1,1,0,1
PokéManager API,com.pokemanager.pokeapi.presentation.dto,ResponseDtos.PokemonSummaryDto,0,37,0,0,0,3,0,2,0,2
PokéManager API,com.pokemanager.pokeapi.presentation.dto,ResponseDtos.UserInfoDto,0,32,0,0,0,2,0,2,0,2
PokéManager API,com.pokemanager.pokeapi.presentation.dto,ResponseDtos.PokemonDetailDto,52,0,2,0,7,0,3,0,2,0
PokéManager API,com.pokemanager.pokeapi.presentation.dto,ResponseDtos.AuthResponseDto,0,24,0,0,0,2,0,2,0,2
PokéManager API,com.pokemanager.pokeapi.presentation.dto,ResponseDtos.StatisticsDto,37,0,0,0,3,0,2,0,2,0
PokéManager API,com.pokemanager.pokeapi.presentation.dto,RequestDtos.LoginRequest,0,9,0,0,0,1,0,1,0,1
PokéManager API,com.pokemanager.pokeapi.presentation.dto,ResponseDtos.ErrorDto,0,31,0,0,0,3,0,3,0,3
PokéManager API,com.pokemanager.pokeapi.presentation.dto,ResponseDtos.FieldErrorDto,0,9,0,0,0,1,0,1,0,1
PokéManager API,com.pokemanager.pokeapi.presentation.dto,ResponseDtos.LocalPokemonDto,47,0,0,0,4,0,2,0,2,0
PokéManager API,com.pokemanager.pokeapi.presentation.dto,RequestDtos.UpdatePokemonRequest,15,0,0,0,1,0,1,0,1,0
PokéManager API,com.pokemanager.pokeapi.presentation.dto,ResponseDtos.EvolutionStageDto,22,0,0,0,2,0,2,0,2,0
PokéManager API,com.pokemanager.pokeapi.presentation.dto,ResponseDtos.PokemonPageDto,0,36,0,0,0,4,0,2,0,2
PokéManager API,com.pokemanager.pokeapi.presentation.dto,RequestDtos.RegisterRequest,0,12,0,0,0,1,0,1,0,1
PokéManager API,com.pokemanager.pokeapi.domain.exception,ConcurrentModificationException,0,4,0,0,0,2,0,1,0,1
PokéManager API,com.pokemanager.pokeapi.domain.exception,PokeApiUnavailableException,5,4,0,0,2,2,1,1,1,1
PokéManager API,com.pokemanager.pokeapi.domain.exception,AlreadySyncedException,0,5,0,0,0,2,0,1,0,1
PokéManager API,com.pokemanager.pokeapi.domain.exception,InvalidPayloadException,5,10,0,0,2,4,1,2,1,2
PokéManager API,com.pokemanager.pokeapi.domain.exception,PokemonNotFoundException,0,10,0,0,0,3,0,2,0,2
